"No.","Time","Source","Destination","Protocol","Length","Info"
"371","0.069624","172.16.0.62","172.16.0.22","MEMCACHE","67","MEMCACHE Continuation"
"372","0.069749","172.16.0.22","172.16.0.62","MEMCACHE","1442","MEMCACHE Continuation"
"373","0.069770","172.16.0.22","172.16.0.62","MEMCACHE","1442","MEMCACHE Continuation"
"374","0.069776","172.16.0.22","172.16.0.62","MEMCACHE","1442","MEMCACHE Continuation"
"375","0.069782","172.16.0.22","172.16.0.62","MEMCACHE","1442","MEMCACHE Continuation"
"376","0.069797","172.16.0.22","172.16.0.62","MEMCACHE","1442","MEMCACHE Continuation"
"377","0.069802","172.16.0.22","172.16.0.62","MEMCACHE","1442","MEMCACHE Continuation"
"378","0.069808","172.16.0.22","172.16.0.62","MEMCACHE","1442","MEMCACHE Continuation"
"379","0.069813","172.16.0.22","172.16.0.62","MEMCACHE","1442","MEMCACHE Continuation"
"380","0.069819","172.16.0.22","172.16.0.62","MEMCACHE","1442","MEMCACHE Continuation"
"381","0.069824","172.16.0.22","172.16.0.62","MEMCACHE","1442","MEMCACHE Continuation"
"382","0.069833","172.16.0.22","172.16.0.62","MEMCACHE","1442","MEMCACHE Continuation"
"383","0.069839","172.16.0.22","172.16.0.62","MEMCACHE","1442","MEMCACHE Continuation"
"384","0.069846","172.16.0.22","172.16.0.62","MEMCACHE","1442","MEMCACHE Continuation"
"385","0.069851","172.16.0.22","172.16.0.62","MEMCACHE","1442","MEMCACHE Continuation"
"386","0.069859","172.16.0.22","172.16.0.62","MEMCACHE","1442","MEMCACHE Continuation"
"387","0.069867","172.16.0.22","172.16.0.62","MEMCACHE","1442","MEMCACHE Continuation"
"388","0.069872","172.16.0.22","172.16.0.62","MEMCACHE","1442","MEMCACHE Continuation"
"389","0.069879","172.16.0.22","172.16.0.62","MEMCACHE","1442","MEMCACHE Continuation"
"390","0.069887","172.16.0.22","172.16.0.62","MEMCACHE","1442","MEMCACHE Continuation"
"391","0.069892","172.16.0.22","172.16.0.62","MEMCACHE","1442","MEMCACHE Continuation"
"392","0.069900","172.16.0.22","172.16.0.62","MEMCACHE","1442","MEMCACHE Continuation"
"393","0.069907","172.16.0.22","172.16.0.62","MEMCACHE","1442","MEMCACHE Continuation"
"394","0.069913","172.16.0.22","172.16.0.62","MEMCACHE","1442","MEMCACHE Continuation"
"395","0.069921","172.16.0.22","172.16.0.62","MEMCACHE","1442","MEMCACHE Continuation"
"396","0.069929","172.16.0.22","172.16.0.62","MEMCACHE","1442","MEMCACHE Continuation"
"397","0.069951","172.16.0.22","172.16.0.62","MEMCACHE","1442","MEMCACHE Continuation"
"398","0.069960","172.16.0.22","172.16.0.62","MEMCACHE","1442","MEMCACHE Continuation"
"399","0.069965","172.16.0.22","172.16.0.62","MEMCACHE","1442","MEMCACHE Continuation"
"400","0.069973","172.16.0.22","172.16.0.62","MEMCACHE","1442","MEMCACHE Continuation"
"401","0.069980","172.16.0.22","172.16.0.62","MEMCACHE","1442","MEMCACHE Continuation"
"402","0.069986","172.16.0.22","172.16.0.62","MEMCACHE","1442","MEMCACHE Continuation"
"403","0.069993","172.16.0.22","172.16.0.62","MEMCACHE","1442","MEMCACHE Continuation"
"404","0.070001","172.16.0.22","172.16.0.62","MEMCACHE","1442","MEMCACHE Continuation"
"405","0.070006","172.16.0.22","172.16.0.62","MEMCACHE","1442","MEMCACHE Continuation"
"406","0.070014","172.16.0.22","172.16.0.62","MEMCACHE","1442","MEMCACHE Continuation"
"407","0.070021","172.16.0.22","172.16.0.62","MEMCACHE","1442","MEMCACHE Continuation"
"408","0.070027","172.16.0.22","172.16.0.62","MEMCACHE","1442","MEMCACHE Continuation"
"409","0.070035","172.16.0.22","172.16.0.62","MEMCACHE","1442","MEMCACHE Continuation"
"410","0.070042","172.16.0.22","172.16.0.62","MEMCACHE","1442","MEMCACHE Continuation"
"411","0.070048","172.16.0.22","172.16.0.62","MEMCACHE","1442","MEMCACHE Continuation"
"412","0.070055","172.16.0.22","172.16.0.62","MEMCACHE","1442","MEMCACHE Continuation"
"413","0.070061","172.16.0.22","172.16.0.62","MEMCACHE","1442","MEMCACHE Continuation"
"414","0.070068","172.16.0.22","172.16.0.62","MEMCACHE","1442","MEMCACHE Continuation"
"415","0.070076","172.16.0.22","172.16.0.62","MEMCACHE","1442","MEMCACHE Continuation"
"416","0.070082","172.16.0.22","172.16.0.62","MEMCACHE","1442","MEMCACHE Continuation"
"417","0.070089","172.16.0.22","172.16.0.62","MEMCACHE","1442","MEMCACHE Continuation"
"418","0.070109","172.16.0.22","172.16.0.62","MEMCACHE","1442","MEMCACHE Continuation"
"419","0.070115","172.16.0.22","172.16.0.62","MEMCACHE","1442","MEMCACHE Continuation"
"420","0.070123","172.16.0.22","172.16.0.62","MEMCACHE","1442","MEMCACHE Continuation"
"421","0.070130","172.16.0.22","172.16.0.62","MEMCACHE","1442","MEMCACHE Continuation"
"422","0.070136","172.16.0.22","172.16.0.62","MEMCACHE","1442","MEMCACHE Continuation"
"423","0.070143","172.16.0.22","172.16.0.62","MEMCACHE","1442","MEMCACHE Continuation"
"424","0.070151","172.16.0.22","172.16.0.62","MEMCACHE","1442","MEMCACHE Continuation"
"425","0.070157","172.16.0.22","172.16.0.62","MEMCACHE","1442","MEMCACHE Continuation"
"426","0.070164","172.16.0.22","172.16.0.62","MEMCACHE","1442","MEMCACHE Continuation"
"427","0.070170","172.16.0.22","172.16.0.62","MEMCACHE","1442","MEMCACHE Continuation"
"428","0.070178","172.16.0.22","172.16.0.62","MEMCACHE","1442","MEMCACHE Continuation"
"429","0.070204","172.16.0.22","172.16.0.62","MEMCACHE","1442","MEMCACHE Continuation"
"430","0.070212","172.16.0.22","172.16.0.62","MEMCACHE","1442","MEMCACHE Continuation"
"431","0.070219","172.16.0.22","172.16.0.62","MEMCACHE","1442","MEMCACHE Continuation"
"432","0.070227","172.16.0.22","172.16.0.62","MEMCACHE","1442","MEMCACHE Continuation"
"433","0.070233","172.16.0.22","172.16.0.62","MEMCACHE","1442","MEMCACHE Continuation"
"434","0.070241","172.16.0.22","172.16.0.62","MEMCACHE","1442","MEMCACHE Continuation"
"435","0.070248","172.16.0.22","172.16.0.62","MEMCACHE","1442","MEMCACHE Continuation"
"436","0.070254","172.16.0.22","172.16.0.62","MEMCACHE","1442","MEMCACHE Continuation"
"437","0.070261","172.16.0.22","172.16.0.62","MEMCACHE","1442","MEMCACHE Continuation"
"438","0.070268","172.16.0.22","172.16.0.62","MEMCACHE","1442","MEMCACHE Continuation"
"439","0.070274","172.16.0.22","172.16.0.62","MEMCACHE","1442","MEMCACHE Continuation"
"440","0.070281","172.16.0.22","172.16.0.62","MEMCACHE","1442","MEMCACHE Continuation"
"441","0.070289","172.16.0.22","172.16.0.62","MEMCACHE","1442","MEMCACHE Continuation"
"442","0.070294","172.16.0.22","172.16.0.62","MEMCACHE","1442","MEMCACHE Continuation"
"443","0.070302","172.16.0.22","172.16.0.62","MEMCACHE","1442","MEMCACHE Continuation"
"444","0.070307","172.16.0.22","172.16.0.62","MEMCACHE","1442","MEMCACHE Continuation"
"445","0.070314","172.16.0.22","172.16.0.62","MEMCACHE","1442","MEMCACHE Continuation"
"446","0.070322","172.16.0.22","172.16.0.62","MEMCACHE","1442","MEMCACHE Continuation"
"447","0.070328","172.16.0.22","172.16.0.62","MEMCACHE","1442","MEMCACHE Continuation"
"448","0.070335","172.16.0.22","172.16.0.62","MEMCACHE","1442","MEMCACHE Continuation"
"449","0.070343","172.16.0.22","172.16.0.62","MEMCACHE","1442","MEMCACHE Continuation"
"450","0.070349","172.16.0.22","172.16.0.62","MEMCACHE","1442","MEMCACHE Continuation"
"451","0.070451","172.16.0.22","172.16.0.62","MEMCACHE","1442","MEMCACHE Continuation"
"452","0.070456","172.16.0.22","172.16.0.62","MEMCACHE","1442","MEMCACHE Continuation"
"453","0.070458","172.16.0.22","172.16.0.62","MEMCACHE","1442","MEMCACHE Continuation"
"454","0.070459","172.16.0.22","172.16.0.62","MEMCACHE","1442","MEMCACHE Continuation"
"455","0.070460","172.16.0.22","172.16.0.62","MEMCACHE","1442","MEMCACHE Continuation"
"456","0.070461","172.16.0.22","172.16.0.62","MEMCACHE","1442","MEMCACHE Continuation"
"457","0.070462","172.16.0.22","172.16.0.62","MEMCACHE","1442","MEMCACHE Continuation"
"458","0.070463","172.16.0.22","172.16.0.62","MEMCACHE","1442","MEMCACHE Continuation"
"459","0.070464","172.16.0.22","172.16.0.62","MEMCACHE","1442","MEMCACHE Continuation"
"460","0.070465","172.16.0.22","172.16.0.62","MEMCACHE","1442","MEMCACHE Continuation"
"461","0.070466","172.16.0.22","172.16.0.62","MEMCACHE","1442","MEMCACHE Continuation"
"462","0.070467","172.16.0.22","172.16.0.62","MEMCACHE","1442","MEMCACHE Continuation"
"463","0.070468","172.16.0.22","172.16.0.62","MEMCACHE","1442","MEMCACHE Continuation"
"464","0.070469","172.16.0.22","172.16.0.62","MEMCACHE","1442","MEMCACHE Continuation"
"465","0.070470","172.16.0.22","172.16.0.62","MEMCACHE","1442","MEMCACHE Continuation"
"466","0.070471","172.16.0.22","172.16.0.62","MEMCACHE","1442","MEMCACHE Continuation"
"467","0.070472","172.16.0.22","172.16.0.62","MEMCACHE","1442","MEMCACHE Continuation"
"468","0.070473","172.16.0.22","172.16.0.62","MEMCACHE","1442","MEMCACHE Continuation"
"469","0.070474","172.16.0.22","172.16.0.62","MEMCACHE","1442","MEMCACHE Continuation"
"470","0.070475","172.16.0.22","172.16.0.62","MEMCACHE","1442","MEMCACHE Continuation"
"471","0.070476","172.16.0.22","172.16.0.62","MEMCACHE","1442","MEMCACHE Continuation"
"472","0.070477","172.16.0.22","172.16.0.62","MEMCACHE","1442","MEMCACHE Continuation"
"473","0.070478","172.16.0.22","172.16.0.62","MEMCACHE","1442","MEMCACHE Continuation"
"474","0.070481","172.16.0.22","172.16.0.62","MEMCACHE","1442","MEMCACHE Continuation"
"475","0.070697","172.16.0.22","172.16.0.62","MEMCACHE","1442","MEMCACHE Continuation"
"476","0.070703","172.16.0.22","172.16.0.62","MEMCACHE","1442","MEMCACHE Continuation"
"477","0.070704","172.16.0.22","172.16.0.62","MEMCACHE","1442","MEMCACHE Continuation"
"478","0.070705","172.16.0.22","172.16.0.62","MEMCACHE","1442","MEMCACHE Continuation"
"479","0.070706","172.16.0.22","172.16.0.62","MEMCACHE","1442","MEMCACHE Continuation"
"480","0.070707","172.16.0.22","172.16.0.62","MEMCACHE","1442","MEMCACHE Continuation"
"481","0.070708","172.16.0.22","172.16.0.62","MEMCACHE","1442","MEMCACHE Continuation"
"482","0.070709","172.16.0.22","172.16.0.62","MEMCACHE","1442","MEMCACHE Continuation"
"483","0.070710","172.16.0.22","172.16.0.62","MEMCACHE","1442","MEMCACHE Continuation"
"484","0.070711","172.16.0.22","172.16.0.62","MEMCACHE","1442","MEMCACHE Continuation"
"485","0.070712","172.16.0.22","172.16.0.62","MEMCACHE","1442","MEMCACHE Continuation"
"486","0.070713","172.16.0.22","172.16.0.62","MEMCACHE","1442","MEMCACHE Continuation"
"487","0.070714","172.16.0.22","172.16.0.62","MEMCACHE","1442","MEMCACHE Continuation"
"488","0.070715","172.16.0.22","172.16.0.62","MEMCACHE","1442","MEMCACHE Continuation"
"489","0.070716","172.16.0.22","172.16.0.62","MEMCACHE","1442","MEMCACHE Continuation"
"490","0.070717","172.16.0.22","172.16.0.62","MEMCACHE","1442","MEMCACHE Continuation"
"491","0.070718","172.16.0.22","172.16.0.62","MEMCACHE","1442","MEMCACHE Continuation"
"492","0.070719","172.16.0.22","172.16.0.62","MEMCACHE","1442","MEMCACHE Continuation"
"493","0.070720","172.16.0.22","172.16.0.62","MEMCACHE","1442","MEMCACHE Continuation"
"494","0.070721","172.16.0.22","172.16.0.62","MEMCACHE","1442","MEMCACHE Continuation"
"495","0.070722","172.16.0.22","172.16.0.62","MEMCACHE","1442","MEMCACHE Continuation"
"496","0.070946","172.16.0.22","172.16.0.62","MEMCACHE","1442","MEMCACHE Continuation"
"497","0.070950","172.16.0.22","172.16.0.62","MEMCACHE","1442","MEMCACHE Continuation"
"498","0.070952","172.16.0.22","172.16.0.62","MEMCACHE","1442","MEMCACHE Continuation"
"499","0.070953","172.16.0.22","172.16.0.62","MEMCACHE","1442","MEMCACHE Continuation"
"500","0.070954","172.16.0.22","172.16.0.62","MEMCACHE","1442","MEMCACHE Continuation"
"501","0.070955","172.16.0.22","172.16.0.62","MEMCACHE","1442","MEMCACHE Continuation"
"502","0.070956","172.16.0.22","172.16.0.62","MEMCACHE","1442","MEMCACHE Continuation"
"503","0.070956","172.16.0.22","172.16.0.62","MEMCACHE","1442","MEMCACHE Continuation"
"504","0.070957","172.16.0.22","172.16.0.62","MEMCACHE","1442","MEMCACHE Continuation"
"505","0.070959","172.16.0.22","172.16.0.62","MEMCACHE","1442","MEMCACHE Continuation"
"506","0.070960","172.16.0.22","172.16.0.62","MEMCACHE","1442","MEMCACHE Continuation"
"507","0.070961","172.16.0.22","172.16.0.62","MEMCACHE","1442","MEMCACHE Continuation"
"508","0.070962","172.16.0.22","172.16.0.62","MEMCACHE","1442","MEMCACHE Continuation"
"509","0.070963","172.16.0.22","172.16.0.62","MEMCACHE","1442","MEMCACHE Continuation"
"510","0.070964","172.16.0.22","172.16.0.62","MEMCACHE","1442","MEMCACHE Continuation"
"511","0.070965","172.16.0.22","172.16.0.62","MEMCACHE","1442","MEMCACHE Continuation"
"512","0.070966","172.16.0.22","172.16.0.62","MEMCACHE","1442","MEMCACHE Continuation"
"513","0.070967","172.16.0.22","172.16.0.62","MEMCACHE","1442","MEMCACHE Continuation"
"514","0.070968","172.16.0.22","172.16.0.62","MEMCACHE","1442","MEMCACHE Continuation"
"515","0.070969","172.16.0.22","172.16.0.62","MEMCACHE","1442","MEMCACHE Continuation"
"516","0.070970","172.16.0.22","172.16.0.62","MEMCACHE","1442","MEMCACHE Continuation"
"517","0.071196","172.16.0.22","172.16.0.62","MEMCACHE","1442","MEMCACHE Continuation"
"518","0.071200","172.16.0.22","172.16.0.62","MEMCACHE","1442","MEMCACHE Continuation"
"519","0.071201","172.16.0.22","172.16.0.62","MEMCACHE","1442","MEMCACHE Continuation"
"520","0.071202","172.16.0.22","172.16.0.62","MEMCACHE","1442","MEMCACHE Continuation"
"521","0.071204","172.16.0.22","172.16.0.62","MEMCACHE","1442","MEMCACHE Continuation"
"522","0.071205","172.16.0.22","172.16.0.62","MEMCACHE","1442","MEMCACHE Continuation"
"523","0.071206","172.16.0.22","172.16.0.62","MEMCACHE","1442","MEMCACHE Continuation"
"524","0.071207","172.16.0.22","172.16.0.62","MEMCACHE","1442","MEMCACHE Continuation"
"525","0.071208","172.16.0.22","172.16.0.62","MEMCACHE","1442","MEMCACHE Continuation"
"526","0.071209","172.16.0.22","172.16.0.62","MEMCACHE","1442","MEMCACHE Continuation"
"527","0.071210","172.16.0.22","172.16.0.62","MEMCACHE","1442","MEMCACHE Continuation"
"528","0.071211","172.16.0.22","172.16.0.62","MEMCACHE","1442","MEMCACHE Continuation"
"529","0.071213","172.16.0.22","172.16.0.62","MEMCACHE","1442","MEMCACHE Continuation"
"530","0.071214","172.16.0.22","172.16.0.62","MEMCACHE","1442","MEMCACHE Continuation"
"531","0.071215","172.16.0.22","172.16.0.62","MEMCACHE","1442","MEMCACHE Continuation"
"532","0.071216","172.16.0.22","172.16.0.62","MEMCACHE","1442","MEMCACHE Continuation"
"533","0.071217","172.16.0.22","172.16.0.62","MEMCACHE","1442","MEMCACHE Continuation"
"534","0.071218","172.16.0.22","172.16.0.62","MEMCACHE","1442","MEMCACHE Continuation"
"535","0.071219","172.16.0.22","172.16.0.62","MEMCACHE","1442","MEMCACHE Continuation"
"536","0.071221","172.16.0.22","172.16.0.62","MEMCACHE","1442","MEMCACHE Continuation"
"537","0.071222","172.16.0.22","172.16.0.62","MEMCACHE","1442","MEMCACHE Continuation"
"538","0.071446","172.16.0.22","172.16.0.62","MEMCACHE","1442","MEMCACHE Continuation"
"539","0.071449","172.16.0.22","172.16.0.62","MEMCACHE","1442","MEMCACHE Continuation"
"540","0.071450","172.16.0.22","172.16.0.62","MEMCACHE","1442","MEMCACHE Continuation"
"541","0.071451","172.16.0.22","172.16.0.62","MEMCACHE","1442","MEMCACHE Continuation"
"542","0.071452","172.16.0.22","172.16.0.62","MEMCACHE","1442","MEMCACHE Continuation"
"543","0.071454","172.16.0.22","172.16.0.62","MEMCACHE","1442","MEMCACHE Continuation"
"544","0.071455","172.16.0.22","172.16.0.62","MEMCACHE","1442","MEMCACHE Continuation"
"545","0.071456","172.16.0.22","172.16.0.62","MEMCACHE","1442","MEMCACHE Continuation"
"546","0.071457","172.16.0.22","172.16.0.62","MEMCACHE","1442","MEMCACHE Continuation"
"547","0.071459","172.16.0.22","172.16.0.62","MEMCACHE","1442","MEMCACHE Continuation"
"548","0.071460","172.16.0.22","172.16.0.62","MEMCACHE","1442","MEMCACHE Continuation"
"549","0.071470","172.16.0.22","172.16.0.62","MEMCACHE","1442","MEMCACHE Continuation"
"550","0.071471","172.16.0.22","172.16.0.62","MEMCACHE","1442","MEMCACHE Continuation"
"551","0.071472","172.16.0.22","172.16.0.62","MEMCACHE","1442","MEMCACHE Continuation"
"552","0.071473","172.16.0.22","172.16.0.62","MEMCACHE","1442","MEMCACHE Continuation"
"553","0.071475","172.16.0.22","172.16.0.62","MEMCACHE","1442","MEMCACHE Continuation"
"554","0.071476","172.16.0.22","172.16.0.62","MEMCACHE","1442","MEMCACHE Continuation"
"555","0.071477","172.16.0.22","172.16.0.62","MEMCACHE","1442","MEMCACHE Continuation"
"556","0.071478","172.16.0.22","172.16.0.62","MEMCACHE","1442","MEMCACHE Continuation"
"557","0.071479","172.16.0.22","172.16.0.62","MEMCACHE","1442","MEMCACHE Continuation"
"558","0.071481","172.16.0.22","172.16.0.62","MEMCACHE","1442","MEMCACHE Continuation"
"559","0.071696","172.16.0.22","172.16.0.62","MEMCACHE","1442","MEMCACHE Continuation"
"560","0.071699","172.16.0.22","172.16.0.62","MEMCACHE","1442","MEMCACHE Continuation"
"561","0.071700","172.16.0.22","172.16.0.62","MEMCACHE","1442","MEMCACHE Continuation"
"562","0.071713","172.16.0.22","172.16.0.62","MEMCACHE","1442","MEMCACHE Continuation"
"563","0.071714","172.16.0.22","172.16.0.62","MEMCACHE","1442","MEMCACHE Continuation"
"564","0.071715","172.16.0.22","172.16.0.62","MEMCACHE","1442","MEMCACHE Continuation"
"565","0.071716","172.16.0.22","172.16.0.62","MEMCACHE","1442","MEMCACHE Continuation"
"566","0.071717","172.16.0.22","172.16.0.62","MEMCACHE","1442","MEMCACHE Continuation"
"567","0.071718","172.16.0.22","172.16.0.62","MEMCACHE","1442","MEMCACHE Continuation"
"568","0.071719","172.16.0.22","172.16.0.62","MEMCACHE","1442","MEMCACHE Continuation"
"569","0.071720","172.16.0.22","172.16.0.62","MEMCACHE","1442","MEMCACHE Continuation"
"570","0.071721","172.16.0.22","172.16.0.62","MEMCACHE","1442","MEMCACHE Continuation"
"571","0.071722","172.16.0.22","172.16.0.62","MEMCACHE","1442","MEMCACHE Continuation"
"572","0.071723","172.16.0.22","172.16.0.62","MEMCACHE","1442","MEMCACHE Continuation"
"573","0.071724","172.16.0.22","172.16.0.62","MEMCACHE","1442","MEMCACHE Continuation"
"574","0.071725","172.16.0.22","172.16.0.62","MEMCACHE","1442","MEMCACHE Continuation"
"575","0.071726","172.16.0.22","172.16.0.62","MEMCACHE","1442","MEMCACHE Continuation"
"576","0.071727","172.16.0.22","172.16.0.62","MEMCACHE","1442","MEMCACHE Continuation"
"577","0.071728","172.16.0.22","172.16.0.62","MEMCACHE","1442","MEMCACHE Continuation"
"578","0.071729","172.16.0.22","172.16.0.62","MEMCACHE","1442","MEMCACHE Continuation"
"579","0.071730","172.16.0.22","172.16.0.62","MEMCACHE","1442","MEMCACHE Continuation"
"580","0.071731","172.16.0.22","172.16.0.62","MEMCACHE","1442","MEMCACHE Continuation"
"581","0.071946","172.16.0.22","172.16.0.62","MEMCACHE","1442","MEMCACHE Continuation"
"582","0.071949","172.16.0.22","172.16.0.62","MEMCACHE","1442","MEMCACHE Continuation"
"583","0.071950","172.16.0.22","172.16.0.62","MEMCACHE","1442","MEMCACHE Continuation"
"584","0.071963","172.16.0.22","172.16.0.62","MEMCACHE","1442","MEMCACHE Continuation"
"585","0.071964","172.16.0.22","172.16.0.62","MEMCACHE","1442","MEMCACHE Continuation"
"586","0.071965","172.16.0.22","172.16.0.62","MEMCACHE","1442","MEMCACHE Continuation"
"587","0.071966","172.16.0.22","172.16.0.62","MEMCACHE","1442","MEMCACHE Continuation"
"588","0.071967","172.16.0.22","172.16.0.62","MEMCACHE","1442","MEMCACHE Continuation"
"589","0.071968","172.16.0.22","172.16.0.62","MEMCACHE","1442","MEMCACHE Continuation"
"590","0.071970","172.16.0.22","172.16.0.62","MEMCACHE","1442","MEMCACHE Continuation"
"591","0.071970","172.16.0.22","172.16.0.62","MEMCACHE","1442","MEMCACHE Continuation"
"592","0.071972","172.16.0.22","172.16.0.62","MEMCACHE","1442","MEMCACHE Continuation"
"593","0.071973","172.16.0.22","172.16.0.62","MEMCACHE","1442","MEMCACHE Continuation"
"594","0.071974","172.16.0.22","172.16.0.62","MEMCACHE","1442","MEMCACHE Continuation"
"595","0.071975","172.16.0.22","172.16.0.62","MEMCACHE","1442","MEMCACHE Continuation"
"596","0.071976","172.16.0.22","172.16.0.62","MEMCACHE","1442","MEMCACHE Continuation"
"597","0.071977","172.16.0.22","172.16.0.62","MEMCACHE","1442","MEMCACHE Continuation"
"598","0.071978","172.16.0.22","172.16.0.62","MEMCACHE","1442","MEMCACHE Continuation"
"599","0.071979","172.16.0.22","172.16.0.62","MEMCACHE","1442","MEMCACHE Continuation"
"600","0.071980","172.16.0.22","172.16.0.62","MEMCACHE","1442","MEMCACHE Continuation"
"601","0.071981","172.16.0.22","172.16.0.62","MEMCACHE","1442","MEMCACHE Continuation"
"602","0.072254","172.16.0.22","172.16.0.62","MEMCACHE","1442","MEMCACHE Continuation"
"603","0.072261","172.16.0.22","172.16.0.62","MEMCACHE","1442","MEMCACHE Continuation"
"604","0.072262","172.16.0.22","172.16.0.62","MEMCACHE","1442","MEMCACHE Continuation"
"605","0.072263","172.16.0.22","172.16.0.62","MEMCACHE","1442","MEMCACHE Continuation"
"606","0.072264","172.16.0.22","172.16.0.62","MEMCACHE","1442","MEMCACHE Continuation"
"607","0.072265","172.16.0.22","172.16.0.62","MEMCACHE","1442","MEMCACHE Continuation"
"608","0.072266","172.16.0.22","172.16.0.62","MEMCACHE","1442","MEMCACHE Continuation"
"609","0.072267","172.16.0.22","172.16.0.62","MEMCACHE","1442","MEMCACHE Continuation"
"610","0.072269","172.16.0.22","172.16.0.62","MEMCACHE","1442","MEMCACHE Continuation"
"611","0.072270","172.16.0.22","172.16.0.62","MEMCACHE","1442","MEMCACHE Continuation"
"612","0.072271","172.16.0.22","172.16.0.62","MEMCACHE","1442","MEMCACHE Continuation"
"613","0.072272","172.16.0.22","172.16.0.62","MEMCACHE","1442","MEMCACHE Continuation"
"614","0.072273","172.16.0.22","172.16.0.62","MEMCACHE","1442","MEMCACHE Continuation"
"615","0.072274","172.16.0.22","172.16.0.62","MEMCACHE","1442","MEMCACHE Continuation"
"616","0.072275","172.16.0.22","172.16.0.62","MEMCACHE","1442","MEMCACHE Continuation"
"617","0.072276","172.16.0.22","172.16.0.62","MEMCACHE","1442","MEMCACHE Continuation"
"618","0.072277","172.16.0.22","172.16.0.62","MEMCACHE","1442","MEMCACHE Continuation"
"619","0.072279","172.16.0.22","172.16.0.62","MEMCACHE","1442","MEMCACHE Continuation"
"620","0.072280","172.16.0.22","172.16.0.62","MEMCACHE","1442","MEMCACHE Continuation"
"621","0.072281","172.16.0.22","172.16.0.62","MEMCACHE","1442","MEMCACHE Continuation"
"622","0.072282","172.16.0.22","172.16.0.62","MEMCACHE","1442","MEMCACHE Continuation"
"623","0.072283","172.16.0.22","172.16.0.62","MEMCACHE","1442","MEMCACHE Continuation"
"624","0.072284","172.16.0.22","172.16.0.62","MEMCACHE","1442","MEMCACHE Continuation"
"625","0.072285","172.16.0.22","172.16.0.62","MEMCACHE","1442","MEMCACHE Continuation"
"626","0.072287","172.16.0.22","172.16.0.62","MEMCACHE","1442","MEMCACHE Continuation"
"627","0.072288","172.16.0.22","172.16.0.62","MEMCACHE","1442","MEMCACHE Continuation"
"628","0.072289","172.16.0.22","172.16.0.62","MEMCACHE","1442","MEMCACHE Continuation"
"629","0.072291","172.16.0.22","172.16.0.62","MEMCACHE","1442","MEMCACHE Continuation"
"630","0.072444","172.16.0.22","172.16.0.62","MEMCACHE","1442","MEMCACHE Continuation"
"631","0.072449","172.16.0.22","172.16.0.62","MEMCACHE","1442","MEMCACHE Continuation"
"632","0.072450","172.16.0.22","172.16.0.62","MEMCACHE","1442","MEMCACHE Continuation"
"633","0.072451","172.16.0.22","172.16.0.62","MEMCACHE","1442","MEMCACHE Continuation"
"634","0.072452","172.16.0.22","172.16.0.62","MEMCACHE","1442","MEMCACHE Continuation"
"635","0.072453","172.16.0.22","172.16.0.62","MEMCACHE","1442","MEMCACHE Continuation"
"636","0.072455","172.16.0.22","172.16.0.62","MEMCACHE","1442","MEMCACHE Continuation"
"637","0.072456","172.16.0.22","172.16.0.62","MEMCACHE","1442","MEMCACHE Continuation"
"638","0.072457","172.16.0.22","172.16.0.62","MEMCACHE","1442","MEMCACHE Continuation"
"639","0.072458","172.16.0.22","172.16.0.62","MEMCACHE","1442","MEMCACHE Continuation"
"640","0.072459","172.16.0.22","172.16.0.62","MEMCACHE","1442","MEMCACHE Continuation"
"641","0.072460","172.16.0.22","172.16.0.62","MEMCACHE","1442","MEMCACHE Continuation"
"642","0.072461","172.16.0.22","172.16.0.62","MEMCACHE","1442","MEMCACHE Continuation"
"643","0.072462","172.16.0.22","172.16.0.62","MEMCACHE","1442","MEMCACHE Continuation"
"644","0.072463","172.16.0.22","172.16.0.62","MEMCACHE","1442","MEMCACHE Continuation"
"645","0.072464","172.16.0.22","172.16.0.62","MEMCACHE","1442","MEMCACHE Continuation"
"646","0.072466","172.16.0.22","172.16.0.62","MEMCACHE","1442","MEMCACHE Continuation"
"647","0.072694","172.16.0.22","172.16.0.62","MEMCACHE","1442","MEMCACHE Continuation"
"648","0.072698","172.16.0.22","172.16.0.62","MEMCACHE","1442","MEMCACHE Continuation"
"649","0.072700","172.16.0.22","172.16.0.62","MEMCACHE","1442","MEMCACHE Continuation"
"650","0.072701","172.16.0.22","172.16.0.62","MEMCACHE","1442","MEMCACHE Continuation"
"651","0.072702","172.16.0.22","172.16.0.62","MEMCACHE","1442","MEMCACHE Continuation"
"652","0.072703","172.16.0.22","172.16.0.62","MEMCACHE","1442","MEMCACHE Continuation"
"653","0.072704","172.16.0.22","172.16.0.62","MEMCACHE","1442","MEMCACHE Continuation"
"654","0.072705","172.16.0.22","172.16.0.62","MEMCACHE","1442","MEMCACHE Continuation"
"655","0.072706","172.16.0.22","172.16.0.62","MEMCACHE","1442","MEMCACHE Continuation"
"656","0.072707","172.16.0.22","172.16.0.62","MEMCACHE","1442","MEMCACHE Continuation"
"657","0.072708","172.16.0.22","172.16.0.62","MEMCACHE","1442","MEMCACHE Continuation"
"658","0.072709","172.16.0.22","172.16.0.62","MEMCACHE","1442","MEMCACHE Continuation"
"659","0.072710","172.16.0.22","172.16.0.62","MEMCACHE","1442","MEMCACHE Continuation"
"660","0.072711","172.16.0.22","172.16.0.62","MEMCACHE","1442","MEMCACHE Continuation"
"661","0.072712","172.16.0.22","172.16.0.62","MEMCACHE","1442","MEMCACHE Continuation"
"662","0.072713","172.16.0.22","172.16.0.62","MEMCACHE","1442","MEMCACHE Continuation"
"663","0.072714","172.16.0.22","172.16.0.62","MEMCACHE","1442","MEMCACHE Continuation"
"664","0.072715","172.16.0.22","172.16.0.62","MEMCACHE","1442","MEMCACHE Continuation"
"665","0.072716","172.16.0.22","172.16.0.62","MEMCACHE","1442","MEMCACHE Continuation"
"666","0.072717","172.16.0.22","172.16.0.62","MEMCACHE","1442","MEMCACHE Continuation"
"667","0.072718","172.16.0.22","172.16.0.62","MEMCACHE","1442","MEMCACHE Continuation"
"669","0.072988","172.16.0.22","172.16.0.62","MEMCACHE","1442","MEMCACHE Continuation"
"670","0.072991","172.16.0.22","172.16.0.62","MEMCACHE","1442","MEMCACHE Continuation"
"671","0.072993","172.16.0.22","172.16.0.62","MEMCACHE","1442","MEMCACHE Continuation"
"672","0.072994","172.16.0.22","172.16.0.62","MEMCACHE","1442","MEMCACHE Continuation"
"673","0.072995","172.16.0.22","172.16.0.62","MEMCACHE","1442","MEMCACHE Continuation"
"674","0.072996","172.16.0.22","172.16.0.62","MEMCACHE","1442","MEMCACHE Continuation"
"675","0.072997","172.16.0.22","172.16.0.62","MEMCACHE","1442","MEMCACHE Continuation"
"676","0.072998","172.16.0.22","172.16.0.62","MEMCACHE","1442","MEMCACHE Continuation"
"677","0.072999","172.16.0.22","172.16.0.62","MEMCACHE","1442","MEMCACHE Continuation"
"678","0.073000","172.16.0.22","172.16.0.62","MEMCACHE","1442","MEMCACHE Continuation"
"679","0.073001","172.16.0.22","172.16.0.62","MEMCACHE","1442","MEMCACHE Continuation"
"680","0.073002","172.16.0.22","172.16.0.62","MEMCACHE","1442","MEMCACHE Continuation"
"681","0.073003","172.16.0.22","172.16.0.62","MEMCACHE","1442","MEMCACHE Continuation"
"682","0.073004","172.16.0.22","172.16.0.62","MEMCACHE","1442","MEMCACHE Continuation"
"683","0.073005","172.16.0.22","172.16.0.62","MEMCACHE","1442","MEMCACHE Continuation"
"684","0.073006","172.16.0.22","172.16.0.62","MEMCACHE","1442","MEMCACHE Continuation"
"685","0.073007","172.16.0.22","172.16.0.62","MEMCACHE","1442","MEMCACHE Continuation"
"686","0.073008","172.16.0.22","172.16.0.62","MEMCACHE","1442","MEMCACHE Continuation"
"687","0.073009","172.16.0.22","172.16.0.62","MEMCACHE","1442","MEMCACHE Continuation"
"688","0.073010","172.16.0.22","172.16.0.62","MEMCACHE","1442","MEMCACHE Continuation"
"689","0.073011","172.16.0.22","172.16.0.62","MEMCACHE","1442","MEMCACHE Continuation"
"690","0.073012","172.16.0.22","172.16.0.62","MEMCACHE","1442","MEMCACHE Continuation"
"691","0.073220","172.16.0.22","172.16.0.62","MEMCACHE","1442","MEMCACHE Continuation"
"692","0.073228","172.16.0.22","172.16.0.62","MEMCACHE","1442","MEMCACHE Continuation"
"693","0.073229","172.16.0.22","172.16.0.62","MEMCACHE","1442","MEMCACHE Continuation"
"694","0.073230","172.16.0.22","172.16.0.62","MEMCACHE","1442","MEMCACHE Continuation"
"695","0.073231","172.16.0.22","172.16.0.62","MEMCACHE","1442","MEMCACHE Continuation"
"696","0.073233","172.16.0.22","172.16.0.62","MEMCACHE","1442","MEMCACHE Continuation"
"697","0.073234","172.16.0.22","172.16.0.62","MEMCACHE","1442","MEMCACHE Continuation"
"698","0.073235","172.16.0.22","172.16.0.62","MEMCACHE","1442","MEMCACHE Continuation"
"699","0.073236","172.16.0.22","172.16.0.62","MEMCACHE","1442","MEMCACHE Continuation"
"700","0.073237","172.16.0.22","172.16.0.62","MEMCACHE","1442","MEMCACHE Continuation"
"701","0.073238","172.16.0.22","172.16.0.62","MEMCACHE","1442","MEMCACHE Continuation"
"702","0.073240","172.16.0.22","172.16.0.62","MEMCACHE","1442","MEMCACHE Continuation"
"703","0.073241","172.16.0.22","172.16.0.62","MEMCACHE","1442","MEMCACHE Continuation"
"704","0.073242","172.16.0.22","172.16.0.62","MEMCACHE","1442","MEMCACHE Continuation"
"705","0.073243","172.16.0.22","172.16.0.62","MEMCACHE","1442","MEMCACHE Continuation"
"706","0.073244","172.16.0.22","172.16.0.62","MEMCACHE","1442","MEMCACHE Continuation"
"707","0.073246","172.16.0.22","172.16.0.62","MEMCACHE","1442","MEMCACHE Continuation"
"708","0.073247","172.16.0.22","172.16.0.62","MEMCACHE","1442","MEMCACHE Continuation"
"709","0.073248","172.16.0.22","172.16.0.62","MEMCACHE","1442","MEMCACHE Continuation"
"710","0.073249","172.16.0.22","172.16.0.62","MEMCACHE","1442","MEMCACHE Continuation"
"711","0.073250","172.16.0.22","172.16.0.62","MEMCACHE","1442","MEMCACHE Continuation"
"712","0.073251","172.16.0.22","172.16.0.62","MEMCACHE","1442","MEMCACHE Continuation"
"713","0.073253","172.16.0.22","172.16.0.62","MEMCACHE","1442","MEMCACHE Continuation"
"714","0.073478","172.16.0.22","172.16.0.62","MEMCACHE","1442","MEMCACHE Continuation"
"715","0.073495","172.16.0.22","172.16.0.62","MEMCACHE","1442","MEMCACHE Continuation"
"716","0.073497","172.16.0.22","172.16.0.62","MEMCACHE","1442","MEMCACHE Continuation"
"717","0.073498","172.16.0.22","172.16.0.62","MEMCACHE","1442","MEMCACHE Continuation"
"718","0.073499","172.16.0.22","172.16.0.62","MEMCACHE","1442","MEMCACHE Continuation"
"719","0.073500","172.16.0.22","172.16.0.62","MEMCACHE","1442","MEMCACHE Continuation"
"720","0.073502","172.16.0.22","172.16.0.62","MEMCACHE","1442","MEMCACHE Continuation"
"721","0.073503","172.16.0.22","172.16.0.62","MEMCACHE","1442","MEMCACHE Continuation"
"722","0.073504","172.16.0.22","172.16.0.62","MEMCACHE","1442","MEMCACHE Continuation"
"723","0.073505","172.16.0.22","172.16.0.62","MEMCACHE","1442","MEMCACHE Continuation"
"724","0.073506","172.16.0.22","172.16.0.62","MEMCACHE","1442","MEMCACHE Continuation"
"725","0.073507","172.16.0.22","172.16.0.62","MEMCACHE","1442","MEMCACHE Continuation"
"726","0.073509","172.16.0.22","172.16.0.62","MEMCACHE","1442","MEMCACHE Continuation"
"727","0.073510","172.16.0.22","172.16.0.62","MEMCACHE","1442","MEMCACHE Continuation"
"728","0.073511","172.16.0.22","172.16.0.62","MEMCACHE","1442","MEMCACHE Continuation"
"729","0.073512","172.16.0.22","172.16.0.62","MEMCACHE","1442","MEMCACHE Continuation"
"730","0.073513","172.16.0.22","172.16.0.62","MEMCACHE","1442","MEMCACHE Continuation"
"731","0.073514","172.16.0.22","172.16.0.62","MEMCACHE","1442","MEMCACHE Continuation"
"732","0.073515","172.16.0.22","172.16.0.62","MEMCACHE","1442","MEMCACHE Continuation"
"733","0.073516","172.16.0.22","172.16.0.62","MEMCACHE","1442","MEMCACHE Continuation"
"734","0.073518","172.16.0.22","172.16.0.62","MEMCACHE","1442","MEMCACHE Continuation"
"735","0.073710","172.16.0.22","172.16.0.62","MEMCACHE","1442","MEMCACHE Continuation"
"736","0.073715","172.16.0.22","172.16.0.62","MEMCACHE","1442","MEMCACHE Continuation"
"737","0.073726","172.16.0.22","172.16.0.62","MEMCACHE","1442","MEMCACHE Continuation"
"738","0.073727","172.16.0.22","172.16.0.62","MEMCACHE","1442","MEMCACHE Continuation"
"739","0.073728","172.16.0.22","172.16.0.62","MEMCACHE","1442","MEMCACHE Continuation"
"740","0.073729","172.16.0.22","172.16.0.62","MEMCACHE","1442","MEMCACHE Continuation"
"741","0.073730","172.16.0.22","172.16.0.62","MEMCACHE","1442","MEMCACHE Continuation"
"742","0.073731","172.16.0.22","172.16.0.62","MEMCACHE","1442","MEMCACHE Continuation"
"743","0.073732","172.16.0.22","172.16.0.62","MEMCACHE","1442","MEMCACHE Continuation"
"744","0.073733","172.16.0.22","172.16.0.62","MEMCACHE","1442","MEMCACHE Continuation"
"745","0.073734","172.16.0.22","172.16.0.62","MEMCACHE","1442","MEMCACHE Continuation"
"746","0.073735","172.16.0.22","172.16.0.62","MEMCACHE","1442","MEMCACHE Continuation"
"747","0.073736","172.16.0.22","172.16.0.62","MEMCACHE","1442","MEMCACHE Continuation"
"748","0.073737","172.16.0.22","172.16.0.62","MEMCACHE","1442","MEMCACHE Continuation"
"749","0.073739","172.16.0.22","172.16.0.62","MEMCACHE","1442","MEMCACHE Continuation"
"750","0.073740","172.16.0.22","172.16.0.62","MEMCACHE","1442","MEMCACHE Continuation"
"751","0.073741","172.16.0.22","172.16.0.62","MEMCACHE","1442","MEMCACHE Continuation"
"752","0.073742","172.16.0.22","172.16.0.62","MEMCACHE","1442","MEMCACHE Continuation"
"753","0.073743","172.16.0.22","172.16.0.62","MEMCACHE","1442","MEMCACHE Continuation"
"754","0.073744","172.16.0.22","172.16.0.62","MEMCACHE","1442","MEMCACHE Continuation"
"755","0.073944","172.16.0.22","172.16.0.62","MEMCACHE","1442","MEMCACHE Continuation"
"756","0.073947","172.16.0.22","172.16.0.62","MEMCACHE","1442","MEMCACHE Continuation"
"757","0.073949","172.16.0.22","172.16.0.62","MEMCACHE","1442","MEMCACHE Continuation"
"758","0.073950","172.16.0.22","172.16.0.62","MEMCACHE","1442","MEMCACHE Continuation"
"759","0.073951","172.16.0.22","172.16.0.62","MEMCACHE","1442","MEMCACHE Continuation"
"760","0.073961","172.16.0.22","172.16.0.62","MEMCACHE","1442","MEMCACHE Continuation"
"761","0.073962","172.16.0.22","172.16.0.62","MEMCACHE","1442","MEMCACHE Continuation"
"762","0.073963","172.16.0.22","172.16.0.62","MEMCACHE","1442","MEMCACHE Continuation"
"763","0.073964","172.16.0.22","172.16.0.62","MEMCACHE","1442","MEMCACHE Continuation"
"764","0.073965","172.16.0.22","172.16.0.62","MEMCACHE","1442","MEMCACHE Continuation"
"765","0.073966","172.16.0.22","172.16.0.62","MEMCACHE","1442","MEMCACHE Continuation"
"766","0.073967","172.16.0.22","172.16.0.62","MEMCACHE","1442","MEMCACHE Continuation"
"767","0.073968","172.16.0.22","172.16.0.62","MEMCACHE","1442","MEMCACHE Continuation"
"768","0.073969","172.16.0.22","172.16.0.62","MEMCACHE","1442","MEMCACHE Continuation"
"769","0.073970","172.16.0.22","172.16.0.62","MEMCACHE","1442","MEMCACHE Continuation"
"770","0.073972","172.16.0.22","172.16.0.62","MEMCACHE","1442","MEMCACHE Continuation"
"771","0.073973","172.16.0.22","172.16.0.62","MEMCACHE","1442","MEMCACHE Continuation"
"772","0.073974","172.16.0.22","172.16.0.62","MEMCACHE","1442","MEMCACHE Continuation"
"773","0.073975","172.16.0.22","172.16.0.62","MEMCACHE","1442","MEMCACHE Continuation"
"774","0.073976","172.16.0.22","172.16.0.62","MEMCACHE","1442","MEMCACHE Continuation"
"775","0.074258","172.16.0.22","172.16.0.62","MEMCACHE","1442","MEMCACHE Continuation"
"776","0.074264","172.16.0.22","172.16.0.62","MEMCACHE","1442","MEMCACHE Continuation"
"777","0.074266","172.16.0.22","172.16.0.62","MEMCACHE","1442","MEMCACHE Continuation"
"778","0.074267","172.16.0.22","172.16.0.62","MEMCACHE","1442","MEMCACHE Continuation"
"779","0.074268","172.16.0.22","172.16.0.62","MEMCACHE","1442","MEMCACHE Continuation"
"780","0.074269","172.16.0.22","172.16.0.62","MEMCACHE","1442","MEMCACHE Continuation"
"781","0.074270","172.16.0.22","172.16.0.62","MEMCACHE","1442","MEMCACHE Continuation"
"782","0.074271","172.16.0.22","172.16.0.62","MEMCACHE","1442","MEMCACHE Continuation"
"783","0.074272","172.16.0.22","172.16.0.62","MEMCACHE","1442","MEMCACHE Continuation"
"784","0.074274","172.16.0.22","172.16.0.62","MEMCACHE","1442","MEMCACHE Continuation"
"785","0.074275","172.16.0.22","172.16.0.62","MEMCACHE","1442","MEMCACHE Continuation"
"786","0.074276","172.16.0.22","172.16.0.62","MEMCACHE","1442","MEMCACHE Continuation"
"787","0.074277","172.16.0.22","172.16.0.62","MEMCACHE","1442","MEMCACHE Continuation"
"788","0.074278","172.16.0.22","172.16.0.62","MEMCACHE","1442","MEMCACHE Continuation"
"789","0.074283","172.16.0.22","172.16.0.62","MEMCACHE","1442","MEMCACHE Continuation"
"790","0.074284","172.16.0.22","172.16.0.62","MEMCACHE","1442","MEMCACHE Continuation"
"791","0.074286","172.16.0.22","172.16.0.62","MEMCACHE","1442","MEMCACHE Continuation"
"792","0.074287","172.16.0.22","172.16.0.62","MEMCACHE","1442","MEMCACHE Continuation"
"793","0.074288","172.16.0.22","172.16.0.62","MEMCACHE","1442","MEMCACHE Continuation"
"794","0.074289","172.16.0.22","172.16.0.62","MEMCACHE","1442","MEMCACHE Continuation"
"795","0.074290","172.16.0.22","172.16.0.62","MEMCACHE","1442","MEMCACHE Continuation"
"796","0.074291","172.16.0.22","172.16.0.62","MEMCACHE","1442","MEMCACHE Continuation"
"797","0.074292","172.16.0.22","172.16.0.62","MEMCACHE","1442","MEMCACHE Continuation"
"798","0.074293","172.16.0.22","172.16.0.62","MEMCACHE","1442","MEMCACHE Continuation"
"799","0.074294","172.16.0.22","172.16.0.62","MEMCACHE","1442","MEMCACHE Continuation"
"800","0.074296","172.16.0.22","172.16.0.62","MEMCACHE","1442","MEMCACHE Continuation"
"801","0.074443","172.16.0.22","172.16.0.62","MEMCACHE","1442","MEMCACHE Continuation"
"802","0.074448","172.16.0.22","172.16.0.62","MEMCACHE","1442","MEMCACHE Continuation"
"803","0.074449","172.16.0.22","172.16.0.62","MEMCACHE","1442","MEMCACHE Continuation"
"804","0.074450","172.16.0.22","172.16.0.62","MEMCACHE","1442","MEMCACHE Continuation"
"805","0.074451","172.16.0.22","172.16.0.62","MEMCACHE","1442","MEMCACHE Continuation"
"806","0.074452","172.16.0.22","172.16.0.62","MEMCACHE","1442","MEMCACHE Continuation"
"829","0.074737","172.16.0.22","172.16.0.62","MEMCACHE","1442","MEMCACHE Continuation"
"830","0.074738","172.16.0.22","172.16.0.62","MEMCACHE","1442","MEMCACHE Continuation"
"831","0.074739","172.16.0.22","172.16.0.62","MEMCACHE","1442","MEMCACHE Continuation"
"832","0.074740","172.16.0.22","172.16.0.62","MEMCACHE","1442","MEMCACHE Continuation"
"833","0.074741","172.16.0.22","172.16.0.62","MEMCACHE","1442","MEMCACHE Continuation"
"834","0.074742","172.16.0.22","172.16.0.62","MEMCACHE","1442","MEMCACHE Continuation"
"835","0.074743","172.16.0.22","172.16.0.62","MEMCACHE","1442","MEMCACHE Continuation"
"836","0.074744","172.16.0.22","172.16.0.62","MEMCACHE","1442","MEMCACHE Continuation"
"838","0.074746","172.16.0.22","172.16.0.62","MEMCACHE","1442","MEMCACHE Continuation"
"840","0.074946","172.16.0.22","172.16.0.62","MEMCACHE","1442","MEMCACHE Continuation"
"842","0.074951","172.16.0.22","172.16.0.62","MEMCACHE","1442","MEMCACHE Continuation"
"844","0.074962","172.16.0.22","172.16.0.62","MEMCACHE","1442","MEMCACHE Continuation"
"845","0.074963","172.16.0.22","172.16.0.62","MEMCACHE","1442","MEMCACHE Continuation"
"848","0.074966","172.16.0.22","172.16.0.62","MEMCACHE","1442","MEMCACHE Continuation"
"850","0.074968","172.16.0.22","172.16.0.62","MEMCACHE","1442","MEMCACHE Continuation"
"852","0.074971","172.16.0.22","172.16.0.62","MEMCACHE","1442","MEMCACHE Continuation"
"854","0.074973","172.16.0.22","172.16.0.62","MEMCACHE","1442","MEMCACHE Continuation"
"856","0.074975","172.16.0.22","172.16.0.62","MEMCACHE","1442","MEMCACHE Continuation"
"858","0.074977","172.16.0.22","172.16.0.62","MEMCACHE","1442","MEMCACHE Continuation"
"860","0.075237","172.16.0.22","172.16.0.62","MEMCACHE","1442","MEMCACHE Continuation"
"862","0.075246","172.16.0.22","172.16.0.62","MEMCACHE","1442","MEMCACHE Continuation"
"864","0.075249","172.16.0.22","172.16.0.62","MEMCACHE","1442","MEMCACHE Continuation"
"866","0.075251","172.16.0.22","172.16.0.62","MEMCACHE","1442","MEMCACHE Continuation"
"868","0.075254","172.16.0.22","172.16.0.62","MEMCACHE","1442","MEMCACHE Continuation"
"870","0.075256","172.16.0.22","172.16.0.62","MEMCACHE","1442","MEMCACHE Continuation"
"872","0.075258","172.16.0.22","172.16.0.62","MEMCACHE","1442","MEMCACHE Continuation"
"874","0.075261","172.16.0.22","172.16.0.62","MEMCACHE","1442","MEMCACHE Continuation"
"876","0.075263","172.16.0.22","172.16.0.62","MEMCACHE","1442","MEMCACHE Continuation"
"878","0.075265","172.16.0.22","172.16.0.62","MEMCACHE","1442","MEMCACHE Continuation"
"880","0.075267","172.16.0.22","172.16.0.62","MEMCACHE","1442","MEMCACHE Continuation"
"883","0.075271","172.16.0.22","172.16.0.62","MEMCACHE","1442","MEMCACHE Continuation"
"885","0.075493","172.16.0.22","172.16.0.62","MEMCACHE","1442","MEMCACHE Continuation"
"887","0.075496","172.16.0.22","172.16.0.62","MEMCACHE","1442","MEMCACHE Continuation"
"889","0.075498","172.16.0.22","172.16.0.62","MEMCACHE","1442","MEMCACHE Continuation"
"891","0.075500","172.16.0.22","172.16.0.62","MEMCACHE","1442","MEMCACHE Continuation"
"893","0.075503","172.16.0.22","172.16.0.62","MEMCACHE","1442","MEMCACHE Continuation"
"895","0.075505","172.16.0.22","172.16.0.62","MEMCACHE","1442","MEMCACHE Continuation"
"897","0.075508","172.16.0.22","172.16.0.62","MEMCACHE","1442","MEMCACHE Continuation"
"899","0.075510","172.16.0.22","172.16.0.62","MEMCACHE","1442","MEMCACHE Continuation"
"901","0.075512","172.16.0.22","172.16.0.62","MEMCACHE","1442","MEMCACHE Continuation"
"902","0.075514","172.16.0.22","172.16.0.62","MEMCACHE","1442","MEMCACHE Continuation"
"903","0.075515","172.16.0.22","172.16.0.62","MEMCACHE","1442","MEMCACHE Continuation"
"904","0.075516","172.16.0.22","172.16.0.62","MEMCACHE","1442","MEMCACHE Continuation"
"905","0.075721","172.16.0.22","172.16.0.62","MEMCACHE","1442","MEMCACHE Continuation"
"906","0.075725","172.16.0.22","172.16.0.62","MEMCACHE","1442","MEMCACHE Continuation"
"907","0.075726","172.16.0.22","172.16.0.62","MEMCACHE","1442","MEMCACHE Continuation"
"908","0.075730","172.16.0.22","172.16.0.62","MEMCACHE","1442","MEMCACHE Continuation"
"909","0.075731","172.16.0.22","172.16.0.62","MEMCACHE","1442","MEMCACHE Continuation"
"910","0.075732","172.16.0.22","172.16.0.62","MEMCACHE","1442","MEMCACHE Continuation"
"911","0.075733","172.16.0.22","172.16.0.62","MEMCACHE","1442","MEMCACHE Continuation"
"912","0.075734","172.16.0.22","172.16.0.62","MEMCACHE","1442","MEMCACHE Continuation"
"914","0.075736","172.16.0.22","172.16.0.62","MEMCACHE","1442","MEMCACHE Continuation"
"916","0.075738","172.16.0.22","172.16.0.62","MEMCACHE","1442","MEMCACHE Continuation"
"918","0.075740","172.16.0.22","172.16.0.62","MEMCACHE","1442","MEMCACHE Continuation"
"920","0.075742","172.16.0.22","172.16.0.62","MEMCACHE","1442","MEMCACHE Continuation"
"922","0.075744","172.16.0.22","172.16.0.62","MEMCACHE","1442","MEMCACHE Continuation"
"924","0.075747","172.16.0.22","172.16.0.62","MEMCACHE","1442","MEMCACHE Continuation"
"926","0.075949","172.16.0.22","172.16.0.62","MEMCACHE","1442","MEMCACHE Continuation"
"928","0.075952","172.16.0.22","172.16.0.62","MEMCACHE","1442","MEMCACHE Continuation"
"930","0.075954","172.16.0.22","172.16.0.62","MEMCACHE","1442","MEMCACHE Continuation"
"932","0.075956","172.16.0.22","172.16.0.62","MEMCACHE","1442","MEMCACHE Continuation"
"934","0.075958","172.16.0.22","172.16.0.62","MEMCACHE","1442","MEMCACHE Continuation"
"936","0.075960","172.16.0.22","172.16.0.62","MEMCACHE","1442","MEMCACHE Continuation"
"938","0.075962","172.16.0.22","172.16.0.62","MEMCACHE","1442","MEMCACHE Continuation"
"940","0.075964","172.16.0.22","172.16.0.62","MEMCACHE","1442","MEMCACHE Continuation"
"942","0.075966","172.16.0.22","172.16.0.62","MEMCACHE","1442","MEMCACHE Continuation"
"944","0.075969","172.16.0.22","172.16.0.62","MEMCACHE","1442","MEMCACHE Continuation"
"947","0.076280","172.16.0.22","172.16.0.62","MEMCACHE","1442","MEMCACHE Continuation"
"949","0.076283","172.16.0.22","172.16.0.62","MEMCACHE","1442","MEMCACHE Continuation"
"951","0.076285","172.16.0.22","172.16.0.62","MEMCACHE","1442","MEMCACHE Continuation"
"953","0.076287","172.16.0.22","172.16.0.62","MEMCACHE","1442","MEMCACHE Continuation"
"955","0.076289","172.16.0.22","172.16.0.62","MEMCACHE","1442","MEMCACHE Continuation"
"957","0.076292","172.16.0.22","172.16.0.62","MEMCACHE","1442","MEMCACHE Continuation"
"958","0.076293","172.16.0.22","172.16.0.62","MEMCACHE","1442","MEMCACHE Continuation"
"959","0.076294","172.16.0.22","172.16.0.62","MEMCACHE","1442","MEMCACHE Continuation"
"961","0.076296","172.16.0.22","172.16.0.62","MEMCACHE","1442","MEMCACHE Continuation"
"963","0.076299","172.16.0.22","172.16.0.62","MEMCACHE","1442","MEMCACHE Continuation"
"965","0.076301","172.16.0.22","172.16.0.62","MEMCACHE","1442","MEMCACHE Continuation"
"968","0.076304","172.16.0.22","172.16.0.62","MEMCACHE","1442","MEMCACHE Continuation"
"970","0.076458","172.16.0.22","172.16.0.62","MEMCACHE","1442","MEMCACHE Continuation"
"972","0.076474","172.16.0.22","172.16.0.62","MEMCACHE","1442","MEMCACHE Continuation"
"974","0.076476","172.16.0.22","172.16.0.62","MEMCACHE","1442","MEMCACHE Continuation"
"976","0.076478","172.16.0.22","172.16.0.62","MEMCACHE","1442","MEMCACHE Continuation"
"978","0.076481","172.16.0.22","172.16.0.62","MEMCACHE","1442","MEMCACHE Continuation"
"980","0.076483","172.16.0.22","172.16.0.62","MEMCACHE","1442","MEMCACHE Continuation"
"982","0.076485","172.16.0.22","172.16.0.62","MEMCACHE","1442","MEMCACHE Continuation"
"984","0.076488","172.16.0.22","172.16.0.62","MEMCACHE","1442","MEMCACHE Continuation"
"986","0.076491","172.16.0.22","172.16.0.62","MEMCACHE","1442","MEMCACHE Continuation"
"988","0.076493","172.16.0.22","172.16.0.62","MEMCACHE","1442","MEMCACHE Continuation"
"990","0.076723","172.16.0.22","172.16.0.62","MEMCACHE","1442","MEMCACHE Continuation"
"992","0.076725","172.16.0.22","172.16.0.62","MEMCACHE","1442","MEMCACHE Continuation"
"995","0.076728","172.16.0.22","172.16.0.62","MEMCACHE","1442","MEMCACHE Continuation"
"996","0.076729","172.16.0.22","172.16.0.62","MEMCACHE","1442","MEMCACHE Continuation"
"998","0.076731","172.16.0.22","172.16.0.62","MEMCACHE","1442","MEMCACHE Continuation"
"1000","0.076733","172.16.0.22","172.16.0.62","MEMCACHE","1442","MEMCACHE Continuation"
"1002","0.076735","172.16.0.22","172.16.0.62","MEMCACHE","1442","MEMCACHE Continuation"
"1004","0.076737","172.16.0.22","172.16.0.62","MEMCACHE","1442","MEMCACHE Continuation"
"1006","0.076739","172.16.0.22","172.16.0.62","MEMCACHE","1442","MEMCACHE Continuation"
"1009","0.076742","172.16.0.22","172.16.0.62","MEMCACHE","1442","MEMCACHE Continuation"
"1010","0.076744","172.16.0.22","172.16.0.62","MEMCACHE","1442","MEMCACHE Continuation"
"1012","0.076945","172.16.0.22","172.16.0.62","MEMCACHE","1442","MEMCACHE Continuation"
"1015","0.076949","172.16.0.22","172.16.0.62","MEMCACHE","1442","MEMCACHE Continuation"
"1017","0.076960","172.16.0.22","172.16.0.62","MEMCACHE","1442","MEMCACHE Continuation"
"1019","0.076962","172.16.0.22","172.16.0.62","MEMCACHE","1442","MEMCACHE Continuation"
"1021","0.076964","172.16.0.22","172.16.0.62","MEMCACHE","1442","MEMCACHE Continuation"
"1023","0.076966","172.16.0.22","172.16.0.62","MEMCACHE","1442","MEMCACHE Continuation"
"1025","0.076968","172.16.0.22","172.16.0.62","MEMCACHE","1442","MEMCACHE Continuation"
"1027","0.076970","172.16.0.22","172.16.0.62","MEMCACHE","1442","MEMCACHE Continuation"
"1029","0.076972","172.16.0.22","172.16.0.62","MEMCACHE","1442","MEMCACHE Continuation"
"1031","0.077245","172.16.0.22","172.16.0.62","MEMCACHE","1442","MEMCACHE Continuation"
"1033","0.077248","172.16.0.22","172.16.0.62","MEMCACHE","1442","MEMCACHE Continuation"
"1035","0.077250","172.16.0.22","172.16.0.62","MEMCACHE","1442","MEMCACHE Continuation"
"1037","0.077252","172.16.0.22","172.16.0.62","MEMCACHE","1442","MEMCACHE Continuation"
"1039","0.077254","172.16.0.22","172.16.0.62","MEMCACHE","1442","MEMCACHE Continuation"
"1041","0.077257","172.16.0.22","172.16.0.62","MEMCACHE","1442","MEMCACHE Continuation"
"1043","0.077259","172.16.0.22","172.16.0.62","MEMCACHE","1442","MEMCACHE Continuation"
"1045","0.077262","172.16.0.22","172.16.0.62","MEMCACHE","1442","MEMCACHE Continuation"
"1047","0.077264","172.16.0.22","172.16.0.62","MEMCACHE","1442","MEMCACHE Continuation"
"1049","0.077266","172.16.0.22","172.16.0.62","MEMCACHE","1442","MEMCACHE Continuation"
"1051","0.077268","172.16.0.22","172.16.0.62","MEMCACHE","1442","MEMCACHE Continuation"
"1052","0.077269","172.16.0.22","172.16.0.62","MEMCACHE","1442","MEMCACHE Continuation"
"1053","0.077271","172.16.0.22","172.16.0.62","MEMCACHE","1442","MEMCACHE Continuation"
"1054","0.077461","172.16.0.22","172.16.0.62","MEMCACHE","1442","MEMCACHE Continuation"
"1055","0.077466","172.16.0.22","172.16.0.62","MEMCACHE","1442","MEMCACHE Continuation"
"1056","0.077476","172.16.0.22","172.16.0.62","MEMCACHE","1442","MEMCACHE Continuation"
"1057","0.077477","172.16.0.22","172.16.0.62","MEMCACHE","1442","MEMCACHE Continuation"
"1058","0.077478","172.16.0.22","172.16.0.62","MEMCACHE","1442","MEMCACHE Continuation"
"1059","0.077479","172.16.0.22","172.16.0.62","MEMCACHE","1442","MEMCACHE Continuation"
"1060","0.077480","172.16.0.22","172.16.0.62","MEMCACHE","1442","MEMCACHE Continuation"
"1061","0.077482","172.16.0.22","172.16.0.62","MEMCACHE","1442","MEMCACHE Continuation"
"1062","0.077483","172.16.0.22","172.16.0.62","MEMCACHE","1442","MEMCACHE Continuation"
"1064","0.077485","172.16.0.22","172.16.0.62","MEMCACHE","1442","MEMCACHE Continuation"
"1066","0.077487","172.16.0.22","172.16.0.62","MEMCACHE","1442","MEMCACHE Continuation"
"1067","0.077488","172.16.0.22","172.16.0.62","MEMCACHE","1442","MEMCACHE Continuation"
"1069","0.077490","172.16.0.22","172.16.0.62","MEMCACHE","1442","MEMCACHE Continuation"
"1071","0.077492","172.16.0.22","172.16.0.62","MEMCACHE","1442","MEMCACHE Continuation"
"1073","0.077495","172.16.0.22","172.16.0.62","MEMCACHE","1442","MEMCACHE Continuation"
"1075","0.077740","172.16.0.22","172.16.0.62","MEMCACHE","1442","MEMCACHE Continuation"
"1077","0.077743","172.16.0.22","172.16.0.62","MEMCACHE","1442","MEMCACHE Continuation"
"1079","0.077745","172.16.0.22","172.16.0.62","MEMCACHE","1442","MEMCACHE Continuation"
"1081","0.077747","172.16.0.22","172.16.0.62","MEMCACHE","1089","MEMCACHE Continuation"
"1127","0.078240","172.16.0.22","172.16.0.62","MEMCACHE","57","MEMCACHE Continuation"
